Redirect from,Redirect to
/blogs/articles/10-best-event-venues-in-pittsburgh-in-2025,https://www.pittsburgheventhub.com/blog/best-event-venues-pittsburgh
/blogs/articles/rooftops-in-pittsburgh-to-hold-your-next-event,https://www.pittsburgheventhub.com/blog/rooftop-event-spaces-pittsburgh
/blogs/articles/best-event-spaces-for-small-parties-in-pittsburgh,https://www.pittsburgheventhub.com/blog/small-party-venues-pittsburgh
/blogs/articles/bridal-shower-event-spaces-in-pittsburgh,https://www.pittsburgheventhub.com/blog/bridal-shower-venues-pittsburgh
/blogs/news/top-baby-shower-venues-in-pittsburgh-by-region-and-budge,https://www.pittsburgheventhub.com/blog/baby-shower-venues-pittsburgh
/blogs/articles/the-best-wedding-venues-in-pittsburgh-pa,https://www.pittsburgheventhub.com/blog/wedding-venues-pittsburgh
/blogs/articles/which-balloon-decor-ideas-are-perfect-for-event-spaces,https://www.pittsburgheventhub.com/blog/balloon-decor-event-space-ideas
/blogs/articles/the-creative-space-in-pittsburgh-where-event-businesses-actually-grow,https://www.pittsburgheventhub.com/blog/creative-space-pittsburgh
/blogs/articles/discover-the-ultimate-event-space-in-pittsburgh-party-on-butler,https://www.pittsburgheventhub.com/
/pages/event-space,https://www.pittsburgheventhub.com/
/pages/event-space-form,https://www.pittsburgheventhub.com/#book
